episode,reward,steps,outcome
0,5.758247304132441,25,mastery_reached
1,5.656645227996735,18,mastery_reached
2,5.48573201300793,15,mastery_reached
3,5.563665724874115,17,mastery_reached
4,5.776047908298641,25,mastery_reached
5,5.6715149438125625,21,mastery_reached
6,5.477365349561834,17,mastery_reached
7,5.6768498569476575,21,mastery_reached
8,5.58793067928581,20,mastery_reached
9,5.753171955522137,24,mastery_reached
